code,occupation_name,2023,2024,2025,2026,2027,2028,2029,2030,2031,2032,2033
00000,All Occupations,20170900.0,20504200.0,20889800.0,21227500.0,21474700.0,21696400.0,21908500.0,22117100.0,22332300.0,22546900.0,22760800.0
TEER_0,TEER 0: Management occupations,1985100.0,2005800.0,2042100.0,2070900.0,2089300.0,2105900.0,2121200.0,2136000.0,2151700.0,2167500.0,2182500.0
TEER_1,TEER 1: Occupations usually require a university degree,4552000.0,4665100.0,4739000.0,4824600.0,4901000.0,4974300.0,5044900.0,5115100.0,5187400.0,5259700.0,5334400.0
TEER_2,TEER 2: Occupations usually require a college diploma or apprenticeship training of two or more years; or supervisory occupations,4855300.0,4947400.0,5049400.0,5143200.0,5212600.0,5275300.0,5336200.0,5397200.0,5458500.0,5520300.0,5581600.0
TEER_3,TEER 3: Occupations usually require a college diploma or apprenticeship training of less than two years; or more than six months of on-the-job training,3062600.0,3121800.0,3183300.0,3237500.0,3277900.0,3315600.0,3351600.0,3386000.0,3422200.0,3458200.0,3493700.0
TEER_4,TEER 4: Occupations usually require a secondary school diploma; or several weeks of on-the-job training,3071200.0,3100300.0,3154100.0,3193100.0,3213900.0,3229000.0,3241000.0,3252000.0,3263600.0,3274700.0,3284400.0
TEER_5,TEER 5: Occupations usually require short-term work demonstration and no formal education,2644800.0,2663700.0,2721900.0,2758300.0,2779900.0,2796400.0,2813600.0,2830800.0,2848900.0,2866500.0,2884200.0
NOC1_0,Management occupations,65400.0,67600.0,68500.0,68700.0,69400.0,69800.0,70300.0,70700.0,71100.0,71600.0,72000.0
NOC1_1,"Business, finance and administration occupations",3629100.0,3700300.0,3761200.0,3819500.0,3864500.0,3904300.0,3939800.0,3974400.0,4010600.0,4046800.0,4082000.0
NOC1_2,"Natural and applied sciences and related occupations, except management",1929200.0,1979300.0,2008200.0,2043500.0,2076600.0,2107000.0,2136600.0,2164500.0,2194700.0,2224300.0,2255300.0
NOC1_3,"Health occupations, except management",1616300.0,1648800.0,1688900.0,1737000.0,1781200.0,1827400.0,1873400.0,1921800.0,1968600.0,2016400.0,2066800.0
NOC1_4,"Occupations in education, law and social, community and government services, except management",2483200.0,2567400.0,2614100.0,2657700.0,2687600.0,2716500.0,2744800.0,2773600.0,2803600.0,2832900.0,2863000.0
NOC1_5,"Occupations in art, culture, recreation and sport, except management",654800.0,672600.0,682000.0,690300.0,698100.0,705300.0,712400.0,720000.0,727300.0,734600.0,741700.0
NOC1_6,"Sales and service occupations, except management",4953500.0,4974600.0,5071600.0,5139400.0,5174500.0,5203700.0,5232000.0,5260100.0,5287400.0,5314900.0,5340500.0
NOC1_7,"Trades, transport and equipment operators and related occupations, except management",3373800.0,3442800.0,3513300.0,3570600.0,3609100.0,3642000.0,3674200.0,3705100.0,3737400.0,3769000.0,3798200.0
NOC1_8,"Natural resources, agriculture and related production occupations, except management",498200.0,481400.0,499200.0,506300.0,510000.0,511500.0,512900.0,512500.0,514300.0,516400.0,518200.0
NOC1_9,"Occupations in manufacturing and utilities, except management",967600.0,969400.0,982800.0,994500.0,1003600.0,1008900.0,1012000.0,1014400.0,1017300.0,1020100.0,1023100.0
00010,Legislators,4700.0,4900.0,5000.0,5000.0,5000.0,5000.0,5000.0,5000.0,5000.0,5000.0,5000.0
00011,Senior government managers and officials,6300.0,6600.0,6700.0,6700.0,6700.0,6600.0,6600.0,6500.0,6500.0,6500.0,6400.0
00012,"Senior managers - financial, communications and other business services",52900.0,54700.0,55400.0,55500.0,56200.0,56600.0,57100.0,57600.0,58000.0,58500.0,59000.0
00013,"Senior managers - health, education, social and community services and membership organizations",160656.9721115538,163311.7529880478,166383.66533864543,169076.89243027888,171042.6294820717,172810.35856573706,174501.593625498,176163.94422310757,177877.68924302788,179588.04780876494,181292.43027888445
00014,"Senior managers - trade, broadcasting and other services",160656.9721115538,163311.7529880478,166383.66533864543,169076.89243027888,171042.6294820717,172810.35856573706,174501.593625498,176163.94422310757,177877.68924302788,179588.04780876494,181292.43027888445
00015,"Senior managers - construction, transportation, production and utilities",160656.9721115538,163311.7529880478,166383.66533864543,169076.89243027888,171042.6294820717,172810.35856573706,174501.593625498,176163.94422310757,177877.68924302788,179588.04780876494,181292.43027888445
10010,Financial managers,78000.0,79800.0,80500.0,81800.0,82300.0,83200.0,83800.0,84500.0,85100.0,85900.0,86500.0
10011,Human resources managers,54400.0,56700.0,57300.0,58200.0,58900.0,59400.0,59900.0,60500.0,60800.0,61400.0,62000.0
10012,Purchasing managers,20000.0,20500.0,21000.0,21300.0,21600.0,21800.0,22000.0,22100.0,22400.0,22600.0,22800.0
10019,Other administrative services managers,11600.0,12300.0,11800.0,11900.0,11800.0,11800.0,11700.0,11700.0,11800.0,11800.0,11900.0
10020,"Insurance, real estate and financial brokerage managers",45100.0,45700.0,46500.0,47200.0,47900.0,48400.0,48800.0,49200.0,49500.0,49800.0,50100.0
10021,"Banking, credit and other investment managers",71000.0,70200.0,72100.0,73700.0,75100.0,76300.0,77200.0,78000.0,78800.0,79500.0,80100.0
10022,"Advertising, marketing and public relations managers",53300.0,54300.0,55100.0,55800.0,56600.0,57400.0,58200.0,58900.0,59900.0,60800.0,61800.0
10029,Other business services managers,19800.0,20700.0,20600.0,21100.0,21500.0,22000.0,22400.0,22900.0,23400.0,23900.0,24300.0
10030,Telecommunication carriers managers,11000.0,11100.0,11200.0,11200.0,11200.0,11200.0,11200.0,11200.0,11200.0,11200.0,11100.0
11100,Financial auditors and accountants,247300.0,251400.0,253400.0,256400.0,258800.0,260300.0,261300.0,262600.0,263700.0,265100.0,266500.0
11101,Financial and investment analysts,77000.0,79700.0,81100.0,82700.0,83800.0,84900.0,85600.0,86200.0,87000.0,87600.0,88300.0
11102,Financial advisors,118800.0,120000.0,120200.0,121900.0,124900.0,127300.0,129000.0,131600.0,133000.0,134700.0,136400.0
11103,"Securities agents, investment dealers and brokers",26200.0,26600.0,27100.0,27500.0,27800.0,28100.0,28200.0,28400.0,28500.0,28700.0,28800.0
11109,Other financial officers,46600.0,48000.0,49500.0,50800.0,52000.0,53100.0,54000.0,54900.0,55900.0,56800.0,57600.0
11200,Human resources professionals,126700.0,128800.0,131900.0,135200.0,138000.0,140600.0,143100.0,145600.0,148200.0,150700.0,153200.0
11201,Professional occupations in business management consulting,122300.0,124800.0,127800.0,129900.0,131600.0,133200.0,134700.0,136100.0,137700.0,139300.0,140900.0
11202,"Professional occupations in advertising, marketing and public relations",233600.0,242100.0,245600.0,249500.0,252800.0,256400.0,260000.0,263300.0,267300.0,271200.0,275100.0
12010,"Supervisors, general office and administrative support workers",21300.0,21300.0,22000.0,22500.0,22900.0,23200.0,23500.0,23800.0,24100.0,24400.0,24600.0
12011,"Supervisors, finance and insurance office workers",45900.0,47000.0,47600.0,48400.0,48900.0,49600.0,50100.0,50500.0,51000.0,51600.0,52100.0
12012,"Supervisors, library, correspondence and related information workers",3700.0,3800.0,3900.0,3900.0,4000.0,4000.0,4000.0,4000.0,4000.0,4000.0,4000.0
12013,"Supervisors, supply chain, tracking and scheduling coordination occupations",81400.0,83300.0,83700.0,85900.0,88200.0,89400.0,90500.0,91600.0,92700.0,93800.0,94900.0
12100,Executive assistants,41500.0,42600.0,43400.0,44200.0,44800.0,45200.0,45400.0,45700.0,46000.0,46300.0,46600.0
12101,Human resources and recruitment officers,52100.0,53300.0,53700.0,55700.0,56500.0,57200.0,58200.0,59200.0,60000.0,60900.0,61900.0
12102,Procurement and purchasing agents and officers,80500.0,84100.0,85000.0,86500.0,88000.0,89300.0,90600.0,91800.0,93200.0,94700.0,96200.0
12103,Conference and event planners,28400.0,28900.0,29900.0,30300.0,30800.0,31200.0,31700.0,32100.0,32500.0,32900.0,33300.0
12104,Employment insurance and revenue officers,65700.0,65600.0,66900.0,67700.0,68200.0,68800.0,69400.0,69800.0,70600.0,71300.0,72100.0
12110,"Court reporters, medical transcriptionists and related occupations",7900.0,7500.0,7900.0,8300.0,8500.0,8700.0,8800.0,9000.0,9100.0,9300.0,9400.0
12111,Health information management occupations,6000.0,6100.0,6200.0,6400.0,6500.0,6600.0,6700.0,6900.0,7000.0,7100.0,7300.0
12112,Records management technicians,8300.0,8400.0,8600.0,8800.0,9000.0,9100.0,9300.0,9400.0,9500.0,9700.0,9800.0
12113,Statistical officers and related research support occupations,6800.0,7000.0,7000.0,7000.0,7100.0,7100.0,7200.0,7200.0,7300.0,7300.0,7400.0
12200,Accounting technicians and bookkeepers,204400.0,209600.0,212700.0,215400.0,217200.0,219300.0,221600.0,223700.0,226200.0,228800.0,231400.0
12201,Insurance adjusters and claims examiners,46000.0,47700.0,49900.0,51600.0,52900.0,54100.0,55200.0,56100.0,57300.0,58400.0,59400.0
12202,Insurance underwriters,28100.0,27800.0,28900.0,29400.0,30100.0,30700.0,31100.0,31600.0,32000.0,32400.0,32800.0
12203,"Assessors, business valuators and appraisers",17200.0,17600.0,17900.0,18200.0,18300.0,18400.0,18500.0,18500.0,18500.0,18600.0,18600.0
13100,Administrative officers,238500.0,243800.0,247600.0,251500.0,254400.0,257400.0,260200.0,262900.0,265800.0,268500.0,271300.0
13101,Property administrators,48200.0,48700.0,49600.0,50900.0,51900.0,52800.0,53500.0,54200.0,55000.0,55700.0,56400.0
13102,Payroll administrators,53300.0,54400.0,56600.0,57400.0,58400.0,59300.0,59900.0,60700.0,61500.0,62300.0,63100.0
13110,Administrative assistants,233800.0,237700.0,242100.0,244800.0,247100.0,248300.0,249600.0,251000.0,252100.0,253300.0,254300.0
13111,Legal administrative assistants,54900.0,55300.0,56600.0,57800.0,58200.0,58800.0,59300.0,59700.0,60200.0,60800.0,61300.0
13112,Medical administrative assistants,84300.0,85300.0,86800.0,88700.0,90300.0,92000.0,93700.0,95400.0,97100.0,98800.0,100500.0
13200,"Customs, ship and other brokers",7800.0,8000.0,8200.0,8300.0,8300.0,8400.0,8400.0,8500.0,8600.0,8600.0,8700.0
13201,Production and transportation logistics coordinators,33400.0,34700.0,34900.0,35100.0,35600.0,36200.0,36800.0,37200.0,37700.0,38200.0,38600.0
14100,General office support workers,129200.0,131800.0,133300.0,133400.0,132900.0,132000.0,131100.0,130300.0,129100.0,127900.0,126700.0
14101,Receptionists,144600.0,148400.0,149900.0,151600.0,152500.0,153600.0,154500.0,155300.0,156100.0,156800.0,157500.0
14102,Personnel clerks,12800.0,13200.0,13500.0,13600.0,13800.0,14000.0,14200.0,14300.0,14500.0,14700.0,14900.0
14103,Court clerks and related court services occupations,8500.0,9000.0,9100.0,9200.0,9300.0,9400.0,9400.0,9500.0,9600.0,9700.0,9700.0
14110,Survey interviewers and statistical clerks,6200.0,6100.0,6100.0,6200.0,6100.0,6100.0,6100.0,6100.0,6100.0,6000.0,6000.0
14111,Data entry clerks,36000.0,36400.0,36800.0,37200.0,37200.0,37200.0,37100.0,37000.0,36900.0,36800.0,36700.0
14112,Desktop publishing operators and related occupations,160656.9721115538,163311.7529880478,166383.66533864543,169076.89243027888,171042.6294820717,172810.35856573706,174501.593625498,176163.94422310757,177877.68924302788,179588.04780876494,181292.43027888445
14200,Accounting and related clerks,151100.0,152700.0,155800.0,157800.0,158700.0,159500.0,160200.0,160600.0,161300.0,161900.0,162300.0
14201,"Banking, insurance and other financial clerks",28200.0,28400.0,28800.0,29000.0,29200.0,29300.0,29300.0,29300.0,29300.0,29300.0,29300.0
14202,Collection clerks,9800.0,9800.0,10000.0,10100.0,10100.0,10100.0,10100.0,10000.0,10000.0,10000.0,9900.0
14300,Library assistants and clerks,15100.0,15100.0,15300.0,15500.0,15600.0,15600.0,15700.0,15700.0,15800.0,15900.0,15900.0
14301,"Correspondence, publication and regulatory clerks",19100.0,18900.0,19000.0,19900.0,19900.0,20300.0,20500.0,20600.0,20800.0,21000.0,21200.0
14400,Shippers and receivers,114600.0,114300.0,116500.0,117800.0,118200.0,118400.0,118600.0,118700.0,118800.0,118900.0,119000.0
14401,Storekeepers and partspersons,21600.0,21600.0,22800.0,22800.0,22700.0,22600.0,22600.0,22500.0,22500.0,22400.0,22300.0
14402,Production logistics workers,3100.0,3000.0,3100.0,3100.0,3200.0,3200.0,3200.0,3200.0,3200.0,3200.0,3300.0
14403,Purchasing and inventory control workers,30000.0,31000.0,31600.0,31800.0,31900.0,32000.0,32100.0,32200.0,32400.0,32500.0,32600.0
14404,Dispatchers,33100.0,34400.0,35000.0,35700.0,36100.0,36300.0,36500.0,36600.0,36800.0,37000.0,37200.0
14405,Transportation route and crew schedulers,3400.0,3200.0,3100.0,3400.0,3500.0,3400.0,3400.0,3500.0,3500.0,3500.0,3500.0
20010,Engineering managers,34300.0,34800.0,35200.0,35700.0,36000.0,36400.0,36700.0,37100.0,37400.0,37700.0,38000.0
20011,Architecture and science managers,16300.0,16900.0,17000.0,17200.0,17400.0,17600.0,17800.0,18000.0,18200.0,18400.0,18600.0
20012,Computer and information systems managers,124200.0,131100.0,133100.0,136200.0,139400.0,143000.0,146500.0,150000.0,153600.0,157200.0,161000.0
21100,Physicists and astronomers,160656.9721115538,163311.7529880478,166383.66533864543,169076.89243027888,171042.6294820717,172810.35856573706,174501.593625498,176163.94422310757,177877.68924302788,179588.04780876494,181292.43027888445
21101,Chemists,12100.0,11600.0,12200.0,12400.0,12500.0,12600.0,12800.0,12700.0,12700.0,12800.0,12900.0
21102,Geoscientists and oceanographers,10000.0,10000.0,10200.0,10300.0,10300.0,10300.0,10300.0,10200.0,10200.0,10200.0,10300.0
21103,Meteorologists and climatologists,160656.9721115538,163311.7529880478,166383.66533864543,169076.89243027888,171042.6294820717,172810.35856573706,174501.593625498,176163.94422310757,177877.68924302788,179588.04780876494,181292.43027888445
21109,Other professional occupations in physical sciences,1800.0,1800.0,1800.0,1800.0,1800.0,1800.0,1800.0,1800.0,1800.0,1800.0,1800.0
21110,Biologists and related scientists,30900.0,31300.0,31300.0,31600.0,31900.0,32100.0,32300.0,32500.0,32700.0,32800.0,33000.0
21111,Forestry professionals,4200.0,4400.0,4500.0,4500.0,4500.0,4500.0,4500.0,4500.0,4600.0,4600.0,4600.0
21112,"Agricultural representatives, consultants and specialists",5600.0,5500.0,5700.0,5800.0,5900.0,6000.0,6100.0,6100.0,6200.0,6300.0,6400.0
21120,Public and environmental health and safety professionals,12100.0,12300.0,12500.0,12700.0,12800.0,12900.0,13000.0,13000.0,13100.0,13200.0,13300.0
21200,Architects,26900.0,27600.0,27700.0,27900.0,27900.0,27900.0,28000.0,28000.0,28100.0,28100.0,28100.0
21201,Landscape architects,3300.0,3500.0,3500.0,3500.0,3500.0,3500.0,3500.0,3500.0,3500.0,3500.0,3500.0
21202,Urban and land use planners,15600.0,16100.0,16500.0,16700.0,16900.0,17000.0,17200.0,17300.0,17500.0,17600.0,17700.0
21203,Land surveyors,7200.0,7300.0,7300.0,7400.0,7400.0,7300.0,7300.0,7300.0,7300.0,7200.0,7200.0
21210,"Mathematicians, statisticians and actuaries",16000.0,16100.0,16500.0,16700.0,17000.0,17200.0,17400.0,17500.0,17700.0,17800.0,18000.0
21211,Data scientists,36600.0,38000.0,38500.0,39100.0,39600.0,40100.0,40600.0,41200.0,41700.0,42200.0,42700.0
21220,Cybersecurity specialists,31800.0,33700.0,34200.0,34900.0,35600.0,36300.0,37100.0,37800.0,38700.0,39500.0,40400.0
21221,Business systems specialists,34900.0,36300.0,37100.0,38000.0,38800.0,39600.0,40400.0,41200.0,42100.0,42900.0,43800.0
21222,Information systems specialists,229400.0,232700.0,237300.0,242300.0,248400.0,253100.0,258300.0,263200.0,268100.0,272900.0,278000.0
21223,Database analysts and data administrators,52400.0,53600.0,54800.0,56400.0,58000.0,59500.0,60800.0,62100.0,63400.0,64800.0,66100.0
21230,Computer systems developers and programmers,45700.0,46200.0,46600.0,47000.0,47100.0,47100.0,47100.0,47100.0,47200.0,47200.0,47300.0
21231,Software engineers and designers,113100.0,118100.0,119300.0,122300.0,125000.0,127600.0,130100.0,132600.0,135100.0,137800.0,140600.0
21232,Software developers and programmers,155700.0,160800.0,163600.0,168300.0,173400.0,178500.0,183400.0,188400.0,193300.0,198100.0,203300.0
21233,Web designers,13100.0,13200.0,13300.0,13600.0,13700.0,13900.0,14000.0,14200.0,14400.0,14600.0,14800.0
21234,Web developers and programmers,28700.0,30000.0,29200.0,29900.0,30200.0,30700.0,31200.0,31800.0,32200.0,32700.0,33100.0
21300,Civil engineers,65600.0,68200.0,67900.0,68500.0,69000.0,69400.0,69900.0,70300.0,70700.0,71100.0,71500.0
21301,Mechanical engineers,44900.0,45500.0,46000.0,46600.0,47000.0,47300.0,47500.0,47700.0,47800.0,48000.0,48200.0
21310,Electrical and electronics engineers,41300.0,42500.0,43100.0,43700.0,44200.0,44600.0,44900.0,45100.0,45400.0,45700.0,46100.0
21311,Computer engineers (except software engineers and designers),32500.0,34300.0,33600.0,34300.0,35400.0,36500.0,37300.0,37900.0,38700.0,39400.0,40200.0
21320,Chemical engineers,14100.0,14200.0,14600.0,14800.0,15000.0,15200.0,15200.0,15200.0,15300.0,15400.0,15400.0
21321,Industrial and manufacturing engineers,20400.0,20600.0,20400.0,20600.0,20900.0,21100.0,21300.0,21500.0,21700.0,22000.0,22200.0
21322,Metallurgical and materials engineers,160656.9721115538,163311.7529880478,166383.66533864543,169076.89243027888,171042.6294820717,172810.35856573706,174501.593625498,176163.94422310757,177877.68924302788,179588.04780876494,181292.43027888445
21330,Mining engineers,5300.0,5100.0,5200.0,5300.0,5400.0,5500.0,5500.0,5500.0,5500.0,5600.0,5600.0
21331,Geological engineers,3500.0,3600.0,3900.0,3800.0,3900.0,4000.0,4000.0,4000.0,4000.0,4100.0,4100.0
21332,Petroleum engineers,11300.0,11400.0,11800.0,11900.0,11800.0,11700.0,11700.0,11300.0,11200.0,11200.0,11100.0
21390,Aerospace engineers,5400.0,5600.0,5600.0,5600.0,5600.0,5600.0,5600.0,5600.0,5600.0,5600.0,5600.0
21399,Other professional engineers,42900.0,44400.0,44800.0,45200.0,45500.0,45700.0,45900.0,46100.0,46300.0,46500.0,46700.0
22100,Chemical technologists and technicians,26300.0,27000.0,27500.0,27600.0,27900.0,28300.0,28600.0,28700.0,29100.0,29500.0,29900.0
22101,Geological and mineral technologists and technicians,9100.0,9200.0,9400.0,9600.0,9600.0,9600.0,9600.0,9500.0,9500.0,9500.0,9500.0
22110,Biological technologists and technicians,6700.0,6800.0,6900.0,6900.0,6800.0,6800.0,6700.0,6700.0,6600.0,6600.0,6500.0
22111,Agricultural and fish products inspectors,2000.0,2000.0,2100.0,2100.0,2100.0,2000.0,2000.0,2000.0,2000.0,2000.0,2000.0
22112,Forestry technologists and technicians,6200.0,6700.0,6700.0,6800.0,6800.0,6800.0,6900.0,6900.0,6900.0,7000.0,7000.0
22113,Conservation and fishery officers,3200.0,3300.0,3300.0,3400.0,3400.0,3400.0,3400.0,3400.0,3400.0,3400.0,3400.0
22114,Landscape and horticulture technicians and specialists,15100.0,14100.0,15000.0,15400.0,15600.0,15700.0,16000.0,15900.0,16300.0,16700.0,17200.0
22210,Architectural technologists and technicians,9300.0,9500.0,9700.0,9700.0,9800.0,9900.0,9900.0,9900.0,10000.0,10000.0,10000.0
22211,Industrial designers,10000.0,10000.0,10200.0,10300.0,10400.0,10400.0,10500.0,10600.0,10600.0,10700.0,10800.0
22212,Drafting technologists and technicians,37700.0,38000.0,38500.0,39000.0,39100.0,39200.0,39200.0,39200.0,39200.0,39200.0,39200.0
22213,Land survey technologists and technicians,7400.0,7500.0,7600.0,7700.0,7700.0,7700.0,7700.0,7700.0,7700.0,7700.0,7700.0
22214,Technical occupations in geomatics and meteorology,8700.0,9300.0,9500.0,9300.0,9100.0,9000.0,9000.0,9000.0,8900.0,8800.0,8700.0
22220,Computer network and web technicians,40800.0,41500.0,41600.0,42100.0,42200.0,42200.0,42200.0,42300.0,42500.0,42500.0,42500.0
22221,User support technicians,119200.0,122700.0,126000.0,128000.0,130400.0,132500.0,134800.0,137100.0,139500.0,141900.0,144300.0
22222,Information systems testing technicians,20000.0,20800.0,20800.0,21200.0,21400.0,21700.0,22000.0,22300.0,22600.0,22900.0,23200.0
22230,Non-destructive testers and inspectors,4800.0,4600.0,4600.0,4700.0,4700.0,4600.0,4600.0,4600.0,4600.0,4600.0,4600.0
22231,Engineering inspectors and regulatory officers,7100.0,7200.0,7400.0,7600.0,7700.0,7700.0,7800.0,7800.0,7900.0,7900.0,8000.0
22232,Occupational health and safety specialists,33400.0,33800.0,34400.0,35200.0,35800.0,36500.0,37100.0,37800.0,38500.0,39100.0,39800.0
22233,Construction inspectors,25700.0,26300.0,26700.0,27200.0,27700.0,28100.0,28500.0,28900.0,29400.0,29900.0,30400.0
22300,Civil engineering technologists and technicians,27400.0,28400.0,28500.0,28400.0,28600.0,28700.0,28900.0,29100.0,29200.0,29300.0,29400.0
22301,Mechanical engineering technologists and technicians,21900.0,21900.0,22400.0,22800.0,23100.0,23500.0,23700.0,24000.0,24200.0,24500.0,24700.0
22302,Industrial engineering and manufacturing technologists and technicians,22400.0,23100.0,23200.0,23600.0,24000.0,24200.0,24400.0,24600.0,24900.0,25100.0,25400.0
22303,Construction estimators,22900.0,23200.0,24200.0,25100.0,25700.0,26300.0,26800.0,27400.0,28000.0,28500.0,29100.0
22310,Electrical and electronics engineering technologists and technicians,28500.0,28600.0,29200.0,29700.0,30000.0,30200.0,30400.0,30700.0,30800.0,31000.0,31100.0
22311,Electronic service technicians (household and business equipment),44600.0,45600.0,46700.0,47300.0,47500.0,47800.0,47900.0,48100.0,48200.0,48400.0,48600.0
22312,Industrial instrument technicians and mechanics,12100.0,12200.0,12600.0,12900.0,13100.0,13300.0,13300.0,13200.0,13300.0,13400.0,13500.0
22313,"Aircraft instrument, electrical and avionics mechanics, technicians and inspectors",3500.0,3600.0,3600.0,3700.0,3700.0,3700.0,3700.0,3700.0,3700.0,3700.0,3700.0
30010,Managers in health care,43600.0,44600.0,45800.0,47200.0,48500.0,49900.0,51300.0,52700.0,54200.0,55600.0,57100.0
31100,Specialists in clinical and laboratory medicine,34000.0,34500.0,35400.0,36400.0,37300.0,38100.0,38900.0,39700.0,40500.0,41400.0,42300.0
31101,Specialists in surgery,10500.0,10700.0,10900.0,11200.0,11400.0,11700.0,12000.0,12300.0,12500.0,12800.0,13100.0
31102,General practitioners and family physicians,76000.0,78800.0,80600.0,83000.0,85600.0,88300.0,91100.0,94000.0,96900.0,99800.0,102900.0
31103,Veterinarians,12600.0,13100.0,13600.0,13900.0,14200.0,14400.0,14600.0,14900.0,15100.0,15400.0,15600.0
31110,Dentists,21400.0,21800.0,22400.0,23100.0,23700.0,24300.0,24900.0,25600.0,26200.0,26900.0,27600.0
31111,Optometrists,6400.0,6500.0,6700.0,6800.0,7000.0,7200.0,7400.0,7600.0,7800.0,8000.0,8200.0
31112,Audiologists and speech-language pathologists,18300.0,18900.0,19400.0,20000.0,20400.0,20800.0,21200.0,21600.0,22000.0,22400.0,22800.0
31120,Pharmacists,47700.0,47300.0,49200.0,50700.0,51900.0,53200.0,54400.0,55700.0,57000.0,58300.0,59700.0
31121,Dietitians and nutritionists,12300.0,12500.0,12800.0,13100.0,13400.0,13700.0,14000.0,14300.0,14600.0,14900.0,15200.0
31200,Psychologists,24900.0,25500.0,26100.0,26700.0,27200.0,27800.0,28400.0,29000.0,29600.0,30200.0,30900.0
31201,Chiropractors,9800.0,10200.0,10500.0,10800.0,11100.0,11400.0,11600.0,11900.0,12100.0,12400.0,12700.0
31202,Physiotherapists,38300.0,39200.0,40400.0,41700.0,43000.0,44300.0,45700.0,47000.0,48400.0,49800.0,51200.0
31203,Occupational therapists,22700.0,22800.0,23400.0,24100.0,24900.0,25700.0,26500.0,27200.0,28000.0,28900.0,29700.0
31204,Kinesiologists and other professional occupations in therapy and assessment,9400.0,9600.0,9800.0,10100.0,10300.0,10600.0,10800.0,11100.0,11300.0,11600.0,11900.0
31209,Other professional occupations in health diagnosing and treating,8700.0,8900.0,9100.0,9400.0,9600.0,9900.0,10100.0,10400.0,10600.0,10900.0,11200.0
31300,Nursing coordinators and supervisors,28000.0,28000.0,28600.0,29500.0,30500.0,31400.0,32500.0,33500.0,34600.0,35700.0,36900.0
31301,Registered nurses and registered psychiatric nurses,363100.0,370400.0,378800.0,388800.0,398300.0,408300.0,418500.0,428900.0,439200.0,449700.0,460900.0
31302,Nurse practitioners,5600.0,5700.0,5900.0,6100.0,6300.0,6500.0,6700.0,6900.0,7100.0,7300.0,7500.0
31303,"Physician assistants, midwives and allied health professionals",6400.0,6600.0,6700.0,6800.0,6900.0,7100.0,7200.0,7400.0,7500.0,7700.0,7800.0
32100,Opticians,11700.0,12500.0,12700.0,12800.0,12900.0,13100.0,13400.0,13700.0,14000.0,14300.0,14700.0
32101,Licensed practical nurses,62600.0,64300.0,64400.0,65300.0,66400.0,67900.0,69500.0,71700.0,73300.0,75000.0,76800.0
32102,Paramedical occupations,40700.0,42400.0,44000.0,45700.0,47100.0,48500.0,49900.0,51300.0,52600.0,53900.0,55300.0
32103,"Respiratory therapists, clinical perfusionists and cardiopulmonary technologists",13400.0,14200.0,13500.0,13600.0,13900.0,14200.0,14600.0,14900.0,15300.0,15700.0,16100.0
32104,Animal health technologists and veterinary technicians,25800.0,25900.0,27300.0,27800.0,28200.0,29300.0,29500.0,30400.0,30900.0,31500.0,32100.0
32109,Other technical occupations in therapy and assessment,20600.0,21000.0,21700.0,22500.0,23200.0,23900.0,24600.0,25200.0,26000.0,26700.0,27500.0
32110,Denturists,2000.0,2000.0,2000.0,2100.0,2100.0,2100.0,2200.0,2200.0,2200.0,2200.0,2200.0
32111,Dental hygienists and dental therapists,33900.0,34400.0,35200.0,36800.0,37700.0,38900.0,39900.0,40700.0,41800.0,42900.0,44000.0
32112,Dental technologists and technicians,6400.0,6800.0,6700.0,6700.0,6800.0,6800.0,6900.0,6900.0,7000.0,7000.0,7100.0
32120,Medical laboratory technologists,24300.0,24500.0,25200.0,26000.0,26700.0,27500.0,28300.0,29100.0,29900.0,30800.0,31600.0
32121,Medical radiation technologists,28100.0,28700.0,29400.0,30300.0,31100.0,31900.0,32700.0,33600.0,34400.0,35300.0,36200.0
32122,Medical sonographers,9600.0,9700.0,10000.0,10300.0,10600.0,10800.0,11100.0,11400.0,11700.0,12000.0,12300.0
32123,Cardiology technologists and electrophysiological diagnostic technologists,5600.0,5700.0,5800.0,6000.0,6200.0,6300.0,6500.0,6700.0,6800.0,7000.0,7200.0
32124,Pharmacy technicians,32600.0,32500.0,33200.0,34400.0,35100.0,35800.0,36400.0,37300.0,37900.0,38400.0,39000.0
32129,Other medical technologists and technicians,7300.0,7400.0,7500.0,7600.0,7700.0,7700.0,7800.0,7900.0,8000.0,8000.0,8100.0
32200,Traditional Chinese medicine practitioners and acupuncturists,8100.0,8300.0,8500.0,8700.0,9000.0,9200.0,9500.0,9700.0,10000.0,10200.0,10500.0
32201,Massage therapists,45000.0,45900.0,47100.0,48400.0,49700.0,51000.0,52300.0,53600.0,55000.0,56300.0,57800.0
32209,Other practitioners of natural healing,4700.0,4700.0,4900.0,5000.0,5100.0,5200.0,5300.0,5300.0,5400.0,5500.0,5600.0
33100,Dental assistants and dental laboratory assistants,38000.0,38800.0,39800.0,41000.0,42100.0,43200.0,44400.0,45500.0,46700.0,47900.0,49200.0
33101,Medical laboratory assistants and related technical occupations,33400.0,34100.0,34800.0,35700.0,36500.0,37400.0,38400.0,39400.0,40400.0,41400.0,42400.0
33102,"Nurse aides, orderlies and patient service associates",296900.0,303500.0,310900.0,319800.0,328200.0,336900.0,345700.0,354600.0,363500.0,372500.0,382000.0
33103,Pharmacy technical assistants and pharmacy assistants,33900.0,33800.0,34600.0,36100.0,37200.0,37900.0,38600.0,39800.0,40300.0,40900.0,41500.0
33109,Other assisting occupations in support of health services,32000.0,32300.0,33700.0,35000.0,36100.0,37200.0,38200.0,39300.0,40300.0,41400.0,42500.0
40010,Government managers - health and social policy development and program administration,7800.0,8100.0,8300.0,8400.0,8500.0,8600.0,8600.0,8700.0,8800.0,8800.0,8800.0
40011,"Government managers - economic analysis, policy development and program administration",12700.0,13000.0,13200.0,13300.0,13400.0,13400.0,13400.0,13400.0,13400.0,13400.0,13400.0
40012,Government managers - education policy development and program administration,160656.9721115538,163311.7529880478,166383.66533864543,169076.89243027888,171042.6294820717,172810.35856573706,174501.593625498,176163.94422310757,177877.68924302788,179588.04780876494,181292.43027888445
40019,Other managers in public administration,32300.0,33500.0,34500.0,35200.0,35700.0,36100.0,36500.0,36900.0,37400.0,37800.0,38100.0
40020,Administrators - post-secondary education and vocational training,17000.0,17400.0,17500.0,17600.0,17700.0,17800.0,18000.0,18100.0,18200.0,18300.0,18500.0
40021,School principals and administrators of elementary and secondary education,39500.0,41100.0,42000.0,42300.0,42100.0,41900.0,41600.0,41500.0,41200.0,41000.0,40800.0
40030,"Managers in social, community and correctional services",46700.0,48500.0,49100.0,49600.0,49800.0,50000.0,50200.0,50100.0,50300.0,50500.0,50600.0
40040,Commissioned police officers and related occupations in public protection services,160656.9721115538,163311.7529880478,166383.66533864543,169076.89243027888,171042.6294820717,172810.35856573706,174501.593625498,176163.94422310757,177877.68924302788,179588.04780876494,181292.43027888445
40041,Fire chiefs and senior firefighting officers,2700.0,2800.0,2900.0,2900.0,3000.0,3000.0,3000.0,3000.0,3100.0,3100.0,3100.0
40042,Commissioned officers of the Canadian Armed Forces,160656.9721115538,163311.7529880478,166383.66533864543,169076.89243027888,171042.6294820717,172810.35856573706,174501.593625498,176163.94422310757,177877.68924302788,179588.04780876494,181292.43027888445
41100,Judges,4100.0,4200.0,4400.0,4400.0,4500.0,4500.0,4500.0,4500.0,4500.0,4500.0,4600.0
41101,Lawyers and Quebec notaries,124300.0,128600.0,132100.0,133600.0,134600.0,135500.0,136400.0,137300.0,138300.0,139200.0,140300.0
41200,University professors and lecturers,86000.0,88500.0,89000.0,90000.0,91100.0,91800.0,92800.0,93400.0,94300.0,95000.0,95700.0
41201,Post-secondary teaching and research assistants,84200.0,85500.0,86000.0,87100.0,88600.0,90200.0,91500.0,92900.0,93800.0,94900.0,95500.0
41210,College and other vocational instructors,131100.0,131300.0,132200.0,133800.0,135700.0,137400.0,139400.0,141400.0,143500.0,145400.0,147400.0
41220,Secondary school teachers,175100.0,179900.0,183500.0,186200.0,187500.0,188800.0,189900.0,190900.0,192200.0,193500.0,195000.0
41221,Elementary school and kindergarten teachers,337300.0,346500.0,353500.0,358600.0,361100.0,363700.0,365800.0,367700.0,370300.0,372800.0,375600.0
41300,Social workers,77500.0,82700.0,82700.0,84100.0,85200.0,86500.0,87800.0,89300.0,90600.0,92000.0,93400.0
41301,Therapists in counselling and related specialized therapies,69900.0,74500.0,75200.0,76500.0,77500.0,78700.0,79900.0,81200.0,82500.0,83700.0,85100.0
41302,Religious leaders,22300.0,23400.0,23400.0,23500.0,23500.0,23600.0,23600.0,23700.0,23700.0,23800.0,23800.0
41310,Police investigators and other investigative occupations,11900.0,12400.0,12600.0,12800.0,12900.0,13000.0,13100.0,13300.0,13400.0,13500.0,13600.0
41311,Probation and parole officers,7600.0,7800.0,8000.0,8000.0,8100.0,8100.0,8100.0,8100.0,8100.0,8100.0,8100.0
41320,Educational counsellors,24500.0,24800.0,25300.0,25800.0,26300.0,26800.0,27300.0,27800.0,28200.0,28600.0,29000.0
41321,Career development practitioners and career counsellors (except education),20900.0,21500.0,21600.0,21800.0,21900.0,22000.0,22100.0,22200.0,22300.0,22400.0,22500.0
41400,"Natural and applied science policy researchers, consultants and program officers",37800.0,38100.0,38500.0,40000.0,40500.0,41400.0,42100.0,42800.0,43600.0,44400.0,45200.0
41401,Economists and economic policy researchers and analysts,20100.0,20500.0,20900.0,21200.0,21300.0,21500.0,21700.0,21800.0,22000.0,22100.0,22300.0
41402,Business development officers and market researchers and analysts,33700.0,33400.0,34300.0,34900.0,35400.0,35800.0,36200.0,36700.0,37000.0,37400.0,37800.0
41403,"Social policy researchers, consultants and program officers",80400.0,82400.0,83000.0,83300.0,84000.0,84700.0,85800.0,86600.0,88000.0,89200.0,90500.0
41404,"Health policy researchers, consultants and program officers",45100.0,46200.0,47300.0,48400.0,49200.0,50000.0,50900.0,51800.0,52600.0,53400.0,54300.0
41405,"Education policy researchers, consultants and program officers",32200.0,33700.0,34500.0,35100.0,35700.0,36100.0,36600.0,37000.0,37400.0,37700.0,38100.0
41406,"Recreation, sports and fitness policy researchers, consultants and program officers",9300.0,9400.0,9400.0,9600.0,9700.0,9900.0,10100.0,10300.0,10500.0,10700.0,10900.0
41407,Program officers unique to government,10700.0,11000.0,11200.0,11300.0,11300.0,11300.0,11300.0,11300.0,11300.0,11300.0,11300.0
41409,Other professional occupations in social science,3700.0,3800.0,3800.0,3700.0,3700.0,3700.0,3700.0,3700.0,3600.0,3600.0,3600.0
42100,Police officers (except commissioned),79800.0,80300.0,81700.0,83100.0,83500.0,83700.0,83900.0,84000.0,84200.0,84200.0,84100.0
42101,Firefighters,39800.0,40200.0,40800.0,41300.0,41400.0,41500.0,41600.0,41600.0,41800.0,41900.0,41900.0
42102,Specialized members of the Canadian Armed Forces,160656.9721115538,163311.7529880478,166383.66533864543,169076.89243027888,171042.6294820717,172810.35856573706,174501.593625498,176163.94422310757,177877.68924302788,179588.04780876494,181292.43027888445
42200,Paralegals and related occupations,36000.0,35600.0,37400.0,38700.0,39400.0,40100.0,40700.0,41300.0,42000.0,42600.0,43300.0
42201,Social and community service workers,155600.0,163300.0,165800.0,168500.0,170200.0,172000.0,173600.0,175300.0,177000.0,178600.0,180300.0
42202,Early childhood educators and assistants,246800.0,264600.0,274400.0,285900.0,295600.0,305200.0,314900.0,325100.0,335300.0,345800.0,356800.0
42203,Instructors of persons with disabilities,7100.0,7600.0,7700.0,7800.0,7700.0,7700.0,7700.0,7700.0,7600.0,7500.0,7500.0
42204,Religion workers,6500.0,6400.0,6600.0,6600.0,6500.0,6500.0,6500.0,6500.0,6500.0,6500.0,6500.0
43100,Elementary and secondary school teacher assistants,105300.0,109900.0,112600.0,113900.0,113700.0,113400.0,112900.0,112900.0,112500.0,112200.0,112000.0
43109,Other instructors,31900.0,32100.0,32500.0,32800.0,33400.0,33900.0,34500.0,35100.0,35700.0,36300.0,36800.0
43200,Sheriffs and bailiffs,3400.0,3500.0,3500.0,3400.0,3500.0,3500.0,3500.0,3600.0,3600.0,3600.0,3600.0
43201,Correctional service officers,26100.0,26900.0,27400.0,27600.0,27700.0,27800.0,27800.0,27900.0,27900.0,27900.0,27900.0
43202,By-law enforcement and other regulatory officers,11000.0,11500.0,11800.0,12000.0,12100.0,12300.0,12400.0,12600.0,12700.0,12900.0,13000.0
43203,"Border services, customs, and immigration officers",14700.0,14800.0,14900.0,15100.0,15100.0,15200.0,15300.0,15400.0,15400.0,15500.0,15600.0
43204,Operations Members of the Canadian Armed Forces,160656.9721115538,163311.7529880478,166383.66533864543,169076.89243027888,171042.6294820717,172810.35856573706,174501.593625498,176163.94422310757,177877.68924302788,179588.04780876494,181292.43027888445
44100,Home child care providers,19900.0,20500.0,21100.0,21000.0,21200.0,21200.0,21400.0,21400.0,21600.0,21700.0,21800.0
44101,"Home support workers, caregivers and related occupations",67400.0,71300.0,71300.0,71900.0,71800.0,71700.0,71400.0,71000.0,70700.0,70400.0,70100.0
44200,Primary combat members of the Canadian Armed Forces,160656.9721115538,163311.7529880478,166383.66533864543,169076.89243027888,171042.6294820717,172810.35856573706,174501.593625498,176163.94422310757,177877.68924302788,179588.04780876494,181292.43027888445
45100,"Student monitors, crossing guards and related occupations",19300.0,20000.0,20500.0,20800.0,20800.0,20800.0,20700.0,20800.0,20700.0,20700.0,20700.0
50010,"Library, archive, museum and art gallery managers",3300.0,3400.0,3500.0,3500.0,3500.0,3500.0,3500.0,3500.0,3500.0,3600.0,3600.0
50011,"Managers - publishing, motion pictures, broadcasting and performing arts",5600.0,5500.0,5600.0,5600.0,5600.0,5600.0,5700.0,5700.0,5700.0,5700.0,5700.0
50012,"Recreation, sports and fitness program and service directors",5800.0,6300.0,6500.0,6600.0,6600.0,6600.0,6700.0,6700.0,6800.0,6800.0,6900.0
51100,Librarians,10400.0,10200.0,10400.0,10500.0,10600.0,10600.0,10600.0,10600.0,10600.0,10600.0,10600.0
51101,Conservators and curators,3000.0,3100.0,3100.0,3200.0,3200.0,3200.0,3300.0,3300.0,3300.0,3400.0,3400.0
51102,Archivists,160656.9721115538,163311.7529880478,166383.66533864543,169076.89243027888,171042.6294820717,172810.35856573706,174501.593625498,176163.94422310757,177877.68924302788,179588.04780876494,181292.43027888445
51110,Editors,14000.0,14100.0,14200.0,14400.0,14500.0,14600.0,14700.0,14800.0,14900.0,15100.0,15200.0
51111,Authors and writers (except technical),27200.0,29100.0,28500.0,28600.0,28800.0,29000.0,29200.0,29500.0,29700.0,29900.0,30100.0
51112,Technical writers,8000.0,8200.0,8300.0,8400.0,8500.0,8500.0,8600.0,8600.0,8700.0,8700.0,8800.0
51113,Journalists,10900.0,11100.0,11200.0,11400.0,11500.0,11600.0,11600.0,11700.0,11800.0,11900.0,11900.0
51114,"Translators, terminologists and interpreters",24500.0,24700.0,25000.0,25400.0,25800.0,26100.0,26400.0,26900.0,27000.0,27200.0,27500.0
51120,"Producers, directors, choreographers and related occupations",37600.0,37800.0,39900.0,40300.0,40700.0,41100.0,41500.0,41700.0,42300.0,42800.0,43200.0
51121,"Conductors, composers and arrangers",3500.0,3600.0,3700.0,3700.0,3800.0,3800.0,3800.0,3900.0,3900.0,4000.0,4000.0
51122,Musicians and singers,29700.0,30400.0,30400.0,30700.0,31100.0,31400.0,31800.0,32100.0,32500.0,32800.0,33100.0
52100,Library and public archive technicians,7200.0,7200.0,7300.0,7400.0,7400.0,7400.0,7400.0,7400.0,7300.0,7300.0,7400.0
52110,Film and video camera operators,7600.0,8000.0,8000.0,8000.0,8100.0,8100.0,8200.0,8300.0,8300.0,8400.0,8500.0
52111,Graphic arts technicians,14800.0,15100.0,15500.0,15800.0,16100.0,16400.0,16700.0,16900.0,17200.0,17500.0,17700.0
52112,Broadcast technicians,1500.0,1600.0,1600.0,1600.0,1600.0,1600.0,1600.0,1500.0,1500.0,1500.0,1500.0
52113,Audio and video recording technicians,13100.0,13200.0,13300.0,13500.0,13600.0,13700.0,13800.0,13900.0,14000.0,14000.0,14100.0
52114,Announcers and other broadcasters,3700.0,3400.0,3500.0,3600.0,3600.0,3600.0,3500.0,3500.0,3500.0,3400.0,3400.0
52119,"Other technical and coordinating occupations in motion pictures, broadcasting and the performing arts",14700.0,14800.0,15100.0,15200.0,15400.0,15500.0,15700.0,15800.0,15900.0,16000.0,16100.0
52120,Graphic designers and illustrators,93200.0,95400.0,96000.0,97600.0,98600.0,99900.0,100900.0,102200.0,103100.0,104400.0,105500.0
52121,Interior designers and interior decorators,32900.0,33800.0,34200.0,34400.0,34600.0,34900.0,35100.0,35400.0,35700.0,35900.0,36100.0
53100,"Registrars, restorers, interpreters and other occupations related to museum and art galleries",9400.0,10200.0,9900.0,10000.0,10100.0,10200.0,10300.0,10500.0,10600.0,10800.0,10900.0
53110,Photographers,22400.0,22800.0,23500.0,23800.0,23900.0,24000.0,24200.0,24300.0,24400.0,24500.0,24700.0
53111,"Motion pictures, broadcasting, photography and performing arts assistants and operators",7700.0,7600.0,7700.0,7800.0,7900.0,8000.0,8000.0,8100.0,8100.0,8200.0,8300.0
53120,Dancers,13600.0,13900.0,14200.0,14300.0,14600.0,14900.0,15200.0,15500.0,15800.0,16100.0,16300.0
53121,"Actors, comedians and circus performers",14900.0,15500.0,15800.0,16000.0,16200.0,16400.0,16600.0,16800.0,17000.0,17100.0,17300.0
53122,"Painters, sculptors and other visual artists",17100.0,17800.0,18300.0,18400.0,18400.0,18400.0,18400.0,18500.0,18500.0,18500.0,18500.0
53123,"Theatre, fashion, exhibit and other creative designers",9600.0,9900.0,10000.0,10200.0,10300.0,10300.0,10300.0,10300.0,10400.0,10500.0,10600.0
53124,Artisans and craftspersons,8900.0,9300.0,9200.0,9400.0,9500.0,9600.0,9800.0,9900.0,10000.0,10200.0,10300.0
53125,"Patternmakers - textile, leather and fur products",160656.9721115538,163311.7529880478,166383.66533864543,169076.89243027888,171042.6294820717,172810.35856573706,174501.593625498,176163.94422310757,177877.68924302788,179588.04780876494,181292.43027888445
53200,Athletes,2700.0,2900.0,3000.0,3000.0,3000.0,3000.0,3000.0,3100.0,3100.0,3100.0,3100.0
53201,Coaches,13300.0,13600.0,13700.0,13900.0,14000.0,14200.0,14400.0,14500.0,14700.0,14900.0,15000.0
53202,Sports officials and referees,6200.0,6500.0,6600.0,6700.0,6800.0,6900.0,7000.0,7100.0,7100.0,7200.0,7300.0
54100,"Program leaders and instructors in recreation, sport and fitness",149300.0,154700.0,157600.0,160000.0,162700.0,165000.0,167500.0,169900.0,172400.0,174800.0,177200.0
55109,Other performers,160656.9721115538,163311.7529880478,166383.66533864543,169076.89243027888,171042.6294820717,172810.35856573706,174501.593625498,176163.94422310757,177877.68924302788,179588.04780876494,181292.43027888445
60010,Corporate sales managers,28300.0,29700.0,29900.0,30200.0,30400.0,30500.0,30600.0,30700.0,30800.0,30800.0,30900.0
60020,Retail and wholesale trade managers,355000.0,352700.0,357700.0,360400.0,361000.0,361300.0,361700.0,362000.0,362300.0,362800.0,363200.0
60030,Restaurant and food service managers,110200.0,108800.0,111400.0,114100.0,114800.0,115600.0,116300.0,117100.0,117600.0,118200.0,118600.0
60031,Accommodation service managers,51100.0,52300.0,54600.0,56000.0,56500.0,56800.0,57200.0,57600.0,58100.0,58500.0,58800.0
60040,Managers in customer and personal services,13400.0,13500.0,13600.0,13600.0,13600.0,13600.0,13600.0,13600.0,13600.0,13600.0,13600.0
62010,Retail sales supervisors,239100.0,235800.0,240100.0,242600.0,243500.0,244300.0,245100.0,245800.0,246600.0,247400.0,248100.0
62020,Food service supervisors,75800.0,75700.0,76500.0,78400.0,79900.0,81000.0,82100.0,83000.0,84000.0,84900.0,85900.0
62021,Executive housekeepers,1900.0,1900.0,2000.0,2000.0,2000.0,2000.0,2000.0,2000.0,2000.0,2000.0,2000.0
62022,"Accommodation, travel, tourism and related services supervisors",16900.0,17300.0,17000.0,17400.0,17600.0,18000.0,18200.0,18600.0,18800.0,19100.0,19400.0
62023,Customer and information services supervisors,29000.0,29300.0,29100.0,29500.0,30200.0,30700.0,31000.0,31500.0,31800.0,32100.0,32400.0
62024,Cleaning supervisors,39700.0,40300.0,40700.0,41300.0,42000.0,42600.0,43300.0,44200.0,44700.0,45300.0,45900.0
62029,Other services supervisors,27000.0,27700.0,28100.0,28600.0,29000.0,29400.0,29800.0,30200.0,30600.0,31000.0,31400.0
62100,Technical sales specialists - wholesale trade,133000.0,137300.0,138900.0,140200.0,141000.0,141700.0,142400.0,143200.0,143900.0,144600.0,145400.0
62101,Retail and wholesale buyers,22900.0,23300.0,23500.0,23500.0,23500.0,23500.0,23500.0,23500.0,23600.0,23600.0,23600.0
62200,Chefs,64500.0,64000.0,65400.0,67400.0,68600.0,69400.0,70400.0,71500.0,72100.0,72900.0,73800.0
62201,Funeral directors and embalmers,8900.0,9300.0,9400.0,9500.0,9500.0,9700.0,9700.0,9800.0,9900.0,10000.0,10100.0
62202,"Jewellers, jewellery and watch repairers and related occupations",1900.0,1900.0,1900.0,2000.0,2000.0,2000.0,2000.0,2000.0,2000.0,2000.0,2000.0
63100,Insurance agents and brokers,86800.0,88000.0,90100.0,91400.0,92400.0,93100.0,93500.0,93800.0,94100.0,94400.0,94600.0
63101,Real estate agents and salespersons,106800.0,108400.0,110500.0,112100.0,113600.0,114700.0,115400.0,116000.0,116700.0,117300.0,117800.0
63102,Financial sales representatives,61300.0,62100.0,63600.0,65000.0,66200.0,67200.0,67900.0,68600.0,69400.0,70100.0,70800.0
63200,Cooks,171700.0,169800.0,174000.0,176500.0,177400.0,178000.0,178600.0,179200.0,179600.0,180000.0,180300.0
63201,Butchers - retail and wholesale,14400.0,14300.0,14500.0,14700.0,14700.0,14800.0,14800.0,14900.0,14900.0,15000.0,15000.0
63202,Bakers,32500.0,31800.0,32600.0,32900.0,32900.0,33000.0,33000.0,33100.0,33100.0,33200.0,33200.0
63210,Hairstylists and barbers,90500.0,94200.0,95600.0,96200.0,96600.0,97300.0,97800.0,98300.0,98700.0,99200.0,99600.0
63211,"Estheticians, electrologists and related occupations",71300.0,74800.0,76300.0,77700.0,78900.0,80300.0,81600.0,82900.0,84200.0,85500.0,86700.0
63220,Shoe repairers and shoemakers,160656.9721115538,163311.7529880478,166383.66533864543,169076.89243027888,171042.6294820717,172810.35856573706,174501.593625498,176163.94422310757,177877.68924302788,179588.04780876494,181292.43027888445
63221,Upholsterers,4000.0,4100.0,4300.0,4300.0,4300.0,4300.0,4200.0,4200.0,4200.0,4100.0,4100.0
64100,Retail salespersons and visual merchandisers,579600.0,572400.0,583000.0,588800.0,591000.0,592500.0,594100.0,595600.0,596900.0,598500.0,600000.0
64101,Sales and account representatives - wholesale trade (non-technical),240900.0,242500.0,246700.0,249900.0,252100.0,254100.0,255800.0,257500.0,259300.0,261100.0,262800.0
64200,"Tailors, dressmakers, furriers and milliners",12600.0,12400.0,12500.0,12500.0,12600.0,12700.0,12700.0,12700.0,12800.0,12800.0,12800.0
64201,"Image, social and other personal consultants",1600.0,1700.0,1700.0,1700.0,1700.0,1700.0,1700.0,1700.0,1700.0,1800.0,1800.0
64300,Maîtres d'hôtel and hosts/hostesses,54500.0,56100.0,58000.0,58900.0,59200.0,59300.0,59500.0,59700.0,59900.0,60000.0,60100.0
64301,Bartenders,29400.0,29800.0,31200.0,31300.0,31000.0,30600.0,30300.0,30100.0,29900.0,29600.0,29300.0
64310,Travel counsellors,14600.0,14400.0,14700.0,14800.0,14900.0,15000.0,15100.0,15100.0,15200.0,15300.0,15300.0
64311,Pursers and flight attendants,14600.0,15100.0,15200.0,15300.0,15400.0,15400.0,15500.0,15500.0,15600.0,15600.0,15700.0
64312,Airline ticket and service agents,15900.0,16700.0,16900.0,17000.0,17100.0,17100.0,17100.0,17100.0,17200.0,17200.0,17200.0
64313,"Ground and water transport ticket agents, cargo service representatives and related clerks",3600.0,3700.0,3800.0,3800.0,3800.0,3800.0,3800.0,3800.0,3900.0,3900.0,3900.0
64314,Hotel front desk clerks,19100.0,19300.0,19500.0,20100.0,20500.0,20900.0,21200.0,21500.0,21800.0,22000.0,22300.0
64320,Tour and travel guides,3800.0,3800.0,3900.0,3900.0,3900.0,4000.0,4000.0,4000.0,4000.0,4000.0,4000.0
64321,Casino workers,7600.0,7600.0,7600.0,7600.0,7600.0,7600.0,7600.0,7600.0,7600.0,7600.0,7500.0
64322,Outdoor sport and recreational guides,1700.0,1700.0,1700.0,1800.0,1800.0,1800.0,1800.0,1800.0,1800.0,1800.0,1800.0
64400,Customer services representatives - financial institutions,71500.0,72100.0,75000.0,76800.0,77600.0,78300.0,78600.0,78400.0,78800.0,78900.0,78800.0
64401,Postal services representatives,10300.0,10600.0,10700.0,10800.0,10900.0,10900.0,10900.0,10800.0,10800.0,10800.0,10800.0
64409,Other customer and information services representatives,181700.0,184900.0,186300.0,189000.0,190600.0,191800.0,193000.0,194900.0,195900.0,197200.0,198100.0
64410,Security guards and related security service occupations,104200.0,107200.0,107700.0,109700.0,110400.0,111400.0,112200.0,113200.0,114100.0,115000.0,115700.0
65100,Cashiers,349600.0,344200.0,351600.0,355500.0,356700.0,357800.0,358900.0,360000.0,361100.0,362200.0,363300.0
65101,Service station attendants,12000.0,11800.0,11500.0,11000.0,10700.0,10400.0,10100.0,9900.0,9700.0,9400.0,9200.0
65102,"Store shelf stockers, clerks and order fillers",262900.0,261000.0,267100.0,271600.0,274300.0,276800.0,279400.0,281900.0,284300.0,286800.0,289200.0
65109,Other sales related occupations,16200.0,15700.0,16800.0,17000.0,17100.0,17100.0,17000.0,16900.0,16900.0,16800.0,16800.0
65200,Food and beverage servers,175800.0,177900.0,182400.0,184400.0,184400.0,184100.0,183900.0,183600.0,183300.0,183000.0,182600.0
65201,"Food counter attendants, kitchen helpers and related support occupations",383000.0,388900.0,398900.0,405500.0,408700.0,410900.0,413300.0,415600.0,418000.0,420300.0,422600.0
65202,Meat cutters and fishmongers  retail and wholesale,5100.0,3600.0,3700.0,3700.0,3900.0,4000.0,4100.0,4100.0,4200.0,4200.0,4200.0
65210,"Support occupations in accommodation, travel and facilities set-up services",3600.0,3700.0,3800.0,3800.0,3800.0,3800.0,3800.0,3800.0,3800.0,3800.0,3800.0
65211,"Operators and attendants in amusement, recreation and sport",65200.0,68000.0,68800.0,70000.0,70800.0,71700.0,72600.0,73500.0,74400.0,75300.0,76200.0
65220,Pet groomers and animal care workers,35500.0,37500.0,37700.0,38300.0,39500.0,39200.0,40400.0,40400.0,41100.0,41600.0,42100.0
65229,Other support occupations in personal services,3800.0,3900.0,4000.0,4000.0,4000.0,4000.0,4000.0,4000.0,4000.0,4100.0,4100.0
65310,Light duty cleaners,228000.0,228300.0,234700.0,238800.0,242000.0,245400.0,249000.0,252300.0,256400.0,260800.0,265000.0
65311,Specialized cleaners,41900.0,42500.0,43200.0,43700.0,44100.0,44600.0,44600.0,45100.0,45500.0,45600.0,45900.0
65312,"Janitors, caretakers and heavy-duty cleaners",107000.0,108100.0,110500.0,111200.0,111000.0,110900.0,110700.0,110700.0,110500.0,110400.0,110200.0
65320,"Dry cleaning, laundry and related occupations",13900.0,14100.0,14000.0,13900.0,13800.0,13900.0,14000.0,14200.0,14300.0,14400.0,14500.0
65329,Other service support occupations,24500.0,25100.0,25300.0,25400.0,25300.0,25200.0,25200.0,25200.0,25200.0,25200.0,25200.0
70010,Construction managers,108900.0,110100.0,113200.0,115900.0,117300.0,118500.0,119700.0,120900.0,122100.0,123300.0,124200.0
70011,Home building and renovation managers,146000.0,146400.0,151100.0,155000.0,156900.0,158600.0,160400.0,162000.0,163700.0,165400.0,166700.0
70012,Facility operation and maintenance managers,35300.0,37200.0,36900.0,37100.0,37400.0,37600.0,37900.0,38200.0,38500.0,38900.0,39200.0
70020,Managers in transportation,37700.0,39100.0,39800.0,40300.0,40700.0,41100.0,41500.0,41800.0,42200.0,42600.0,43000.0
70021,Postal and courier services managers,3300.0,3500.0,3600.0,3600.0,3700.0,3700.0,3700.0,3700.0,3700.0,3700.0,3700.0
72010,"Contractors and supervisors, machining, metal forming, shaping and erecting trades and related occupations",20200.0,20300.0,20800.0,21100.0,21300.0,21600.0,21700.0,21900.0,22100.0,22200.0,22400.0
72011,"Contractors and supervisors, electrical trades and telecommunications occupations",32400.0,31900.0,32800.0,33400.0,33700.0,34000.0,34300.0,34600.0,34900.0,35200.0,35500.0
72012,"Contractors and supervisors, pipefitting trades",14100.0,14200.0,14600.0,15000.0,15100.0,15300.0,15500.0,15600.0,15800.0,15900.0,16100.0
72013,"Contractors and supervisors, carpentry trades",31500.0,31700.0,32800.0,33600.0,34000.0,34300.0,34700.0,35100.0,35400.0,35800.0,36100.0
72014,"Contractors and supervisors, other construction trades, installers, repairers and servicers",63000.0,63500.0,65100.0,66100.0,66000.0,66000.0,66100.0,66100.0,65900.0,65700.0,65300.0
72020,"Contractors and supervisors, mechanic trades",73800.0,75100.0,77000.0,78100.0,78700.0,79400.0,80000.0,80600.0,81200.0,81900.0,82500.0
72021,"Contractors and supervisors, heavy equipment operator crews",64000.0,64400.0,66300.0,68000.0,68900.0,69600.0,70400.0,71100.0,71800.0,72500.0,73000.0
72022,"Supervisors, printing and related occupations",5100.0,5100.0,5200.0,5200.0,5200.0,5200.0,5100.0,5100.0,5100.0,5100.0,5100.0
72023,"Supervisors, railway transport operations",1300.0,1300.0,1300.0,1400.0,1400.0,1400.0,1400.0,1400.0,1400.0,1400.0,1400.0
72024,"Supervisors, motor transport and other ground transit operators",35500.0,37000.0,37300.0,37900.0,38300.0,38800.0,39200.0,39500.0,40000.0,40400.0,40900.0
72025,"Supervisors, mail and message distribution occupations",11200.0,11900.0,11900.0,12100.0,12100.0,12100.0,12000.0,12000.0,12000.0,12000.0,11900.0
72100,Machinists and machining and tooling inspectors,43400.0,43400.0,43800.0,44300.0,44500.0,44700.0,44700.0,44700.0,44600.0,44500.0,44400.0
72101,Tool and die makers,11700.0,11600.0,11800.0,12000.0,12000.0,12100.0,12000.0,12000.0,12000.0,12000.0,11900.0
72102,Sheet metal workers,13900.0,14000.0,14300.0,14500.0,14500.0,14600.0,14700.0,14700.0,14800.0,14900.0,14900.0
72103,Boilermakers,2800.0,2900.0,2900.0,3000.0,3000.0,3000.0,3000.0,3100.0,3100.0,3100.0,3100.0
72104,Structural metal and platework fabricators and fitters,4300.0,4100.0,4200.0,4200.0,4200.0,4300.0,4300.0,4300.0,4200.0,4200.0,4200.0
72105,Ironworkers,14700.0,14600.0,15100.0,15500.0,15800.0,16000.0,16200.0,16400.0,16500.0,16700.0,16800.0
72106,Welders and related machine operators,90900.0,91000.0,92300.0,93000.0,93900.0,94400.0,94900.0,95500.0,95900.0,96100.0,96500.0
72200,Electricians (except industrial and power system),119300.0,122100.0,129800.0,133700.0,137700.0,140400.0,143500.0,146500.0,149500.0,152300.0,154900.0
72201,Industrial electricians,35600.0,36100.0,36700.0,37300.0,37500.0,37800.0,38000.0,38000.0,38200.0,38400.0,38600.0
72202,Power system electricians,4600.0,4800.0,4900.0,5000.0,5000.0,5100.0,5100.0,5200.0,5300.0,5300.0,5400.0
72203,Electrical power line and cable workers,12900.0,12900.0,13200.0,13500.0,13600.0,13700.0,13800.0,13800.0,13900.0,13900.0,14000.0
72204,Telecommunications line and cable installers and repairers,10100.0,10100.0,10300.0,10400.0,10400.0,10500.0,10500.0,10600.0,10600.0,10600.0,10700.0
72205,Telecommunications equipment installation and cable television service technicians,25900.0,26400.0,26800.0,27400.0,27800.0,28200.0,28500.0,28700.0,29100.0,29400.0,29700.0
72300,Plumbers,59900.0,61800.0,63600.0,65200.0,66100.0,67100.0,68300.0,69400.0,70500.0,71700.0,72600.0
72301,"Steamfitters, pipefitters and sprinkler system installers",25800.0,25900.0,26400.0,26800.0,27000.0,27200.0,27400.0,27500.0,27700.0,27900.0,28100.0
72302,Gas fitters,5500.0,5500.0,5600.0,5700.0,5700.0,5700.0,5700.0,5700.0,5700.0,5800.0,5800.0
72310,Carpenters,132000.0,133200.0,136800.0,139700.0,140800.0,141900.0,143200.0,144200.0,145400.0,146600.0,147600.0
72311,Cabinetmakers,5200.0,5100.0,5200.0,5300.0,5300.0,5300.0,5300.0,5300.0,5300.0,5300.0,5300.0
72320,Bricklayers,10700.0,10600.0,10900.0,11100.0,11200.0,11300.0,11300.0,11400.0,11400.0,11500.0,11500.0
72321,Insulators,9700.0,9800.0,10100.0,10400.0,10600.0,10700.0,10900.0,11000.0,11200.0,11300.0,11400.0
72400,Construction millwrights and industrial mechanics,88500.0,87200.0,88700.0,90200.0,91000.0,91600.0,92000.0,92500.0,92900.0,93400.0,93700.0
72401,Heavy-duty equipment mechanics,70600.0,73400.0,74700.0,75700.0,76400.0,77100.0,77800.0,78500.0,79200.0,80000.0,80700.0
72402,"Heating, refrigeration and air conditioning mechanics",46100.0,46600.0,48400.0,50000.0,51000.0,51900.0,52900.0,53700.0,54700.0,55600.0,56400.0
72403,Railway carmen/women,3100.0,3400.0,3300.0,3400.0,3300.0,3300.0,3300.0,3400.0,3400.0,3400.0,3400.0
72404,Aircraft mechanics and aircraft inspectors,18500.0,19100.0,19300.0,19700.0,20000.0,20300.0,20600.0,20900.0,21200.0,21400.0,21700.0
72405,Machine fitters,160656.9721115538,163311.7529880478,166383.66533864543,169076.89243027888,171042.6294820717,172810.35856573706,174501.593625498,176163.94422310757,177877.68924302788,179588.04780876494,181292.43027888445
72406,Elevator constructors and mechanics,6000.0,6000.0,6200.0,6400.0,6600.0,6700.0,6800.0,6900.0,7000.0,7100.0,7200.0
72410,"Automotive service technicians, truck and bus mechanics and mechanical repairers",140400.0,145200.0,147900.0,148400.0,150200.0,151300.0,152200.0,153100.0,154000.0,154900.0,155800.0
72411,"Auto body collision, refinishing and glass technicians and damage repair estimators",29700.0,30700.0,30900.0,31000.0,31000.0,31100.0,31200.0,31300.0,31300.0,31400.0,31500.0
72420,Oil and solid fuel heating mechanics,2100.0,2100.0,2100.0,2200.0,2200.0,2200.0,2300.0,2300.0,2300.0,2300.0,2300.0
72421,Appliance servicers and repairers,3900.0,4100.0,4200.0,4300.0,4300.0,4300.0,4200.0,4200.0,4200.0,4200.0,4200.0
72422,Electrical mechanics,10900.0,11100.0,11300.0,11600.0,11700.0,11900.0,12100.0,12200.0,12400.0,12600.0,12700.0
72423,"Motorcycle, all-terrain vehicle and other related mechanics",12500.0,12500.0,12700.0,12800.0,12900.0,13000.0,13100.0,13200.0,13200.0,13300.0,13400.0
72429,Other small engine and small equipment repairers,3500.0,3600.0,3600.0,3600.0,3600.0,3600.0,3600.0,3600.0,3600.0,3600.0,3600.0
72500,Crane operators,16600.0,16400.0,16800.0,17200.0,17400.0,17600.0,17800.0,17900.0,18000.0,18200.0,18300.0
72501,Water well drillers,1200.0,1300.0,1300.0,1400.0,1400.0,1400.0,1400.0,1400.0,1500.0,1500.0,1500.0
72600,"Air pilots, flight engineers and flying instructors",19200.0,19800.0,20400.0,20700.0,21000.0,21300.0,21600.0,21800.0,22000.0,22300.0,22500.0
72601,Air traffic controllers and related occupations,4600.0,4600.0,4900.0,4900.0,5000.0,5000.0,5000.0,5100.0,5100.0,5100.0,5100.0
72602,"Deck officers, water transport",6200.0,6300.0,6400.0,6500.0,6600.0,6600.0,6600.0,6600.0,6600.0,6700.0,6700.0
72603,"Engineer officers, water transport",4100.0,4200.0,4500.0,4500.0,4600.0,4600.0,4600.0,4600.0,4700.0,4700.0,4700.0
72604,Railway traffic controllers and marine traffic regulators,160656.9721115538,163311.7529880478,166383.66533864543,169076.89243027888,171042.6294820717,172810.35856573706,174501.593625498,176163.94422310757,177877.68924302788,179588.04780876494,181292.43027888445
72999,Other technical trades and related occupations,9700.0,9600.0,9800.0,9900.0,10100.0,10200.0,10300.0,10400.0,10500.0,10600.0,10700.0
73100,Concrete finishers,13400.0,13400.0,13800.0,14200.0,14400.0,14500.0,14700.0,14800.0,15000.0,15100.0,15200.0
73101,Tilesetters,10100.0,10500.0,10600.0,10800.0,11000.0,11100.0,11100.0,11300.0,11400.0,11500.0,11500.0
73102,"Plasterers, drywall installers and finishers and lathers",27500.0,27300.0,28000.0,28500.0,28700.0,28800.0,28900.0,28900.0,29000.0,29100.0,29100.0
73110,Roofers and shinglers,23000.0,23200.0,24000.0,24600.0,24900.0,25200.0,25500.0,25800.0,26100.0,26500.0,26700.0
73111,Glaziers,5400.0,5500.0,5600.0,5700.0,5700.0,5800.0,5900.0,5900.0,6000.0,6100.0,6100.0
73112,Painters and decorators (except interior decorators),39200.0,39700.0,40200.0,40700.0,40700.0,40700.0,40800.0,41000.0,41100.0,41200.0,41200.0
73113,Floor covering installers,16600.0,16900.0,17300.0,17600.0,17800.0,17900.0,18100.0,18200.0,18400.0,18500.0,18600.0
73200,Residential and commercial installers and servicers,57400.0,57600.0,58200.0,59000.0,59400.0,59800.0,60100.0,60600.0,61000.0,61300.0,61600.0
73201,General building maintenance workers and building superintendents,76400.0,80400.0,79500.0,81100.0,82400.0,84000.0,85500.0,87000.0,88500.0,89900.0,91300.0
73202,Pest controllers and fumigators,3500.0,3500.0,3600.0,3700.0,3800.0,3900.0,3900.0,4000.0,4100.0,4200.0,4300.0
73209,Other repairers and servicers,16600.0,17500.0,17400.0,17500.0,17700.0,17800.0,18000.0,18100.0,18300.0,18400.0,18600.0
73300,Transport truck drivers,319400.0,325100.0,331900.0,337500.0,341300.0,344900.0,348300.0,351200.0,354600.0,358200.0,361700.0
73301,"Bus drivers, subway operators and other transit operators",101000.0,106300.0,106500.0,107600.0,108800.0,110300.0,111800.0,113100.0,114800.0,116400.0,118100.0
73310,Railway and yard locomotive engineers,6200.0,6400.0,6500.0,6600.0,6600.0,6700.0,6700.0,6700.0,6800.0,6800.0,6800.0
73311,Railway conductors and brakemen/women,5700.0,5900.0,5900.0,6000.0,6000.0,6000.0,6000.0,6000.0,6000.0,6000.0,6000.0
73400,Heavy equipment operators,75900.0,75800.0,78000.0,79700.0,80500.0,81200.0,81900.0,82600.0,83200.0,83900.0,84400.0
73401,Printing press operators,14600.0,14700.0,14700.0,14800.0,14800.0,14600.0,14400.0,14300.0,14200.0,14100.0,14000.0
73402,"Drillers and blasters - surface mining, quarrying and construction",2200.0,2200.0,2300.0,2400.0,2400.0,2400.0,2400.0,2400.0,2500.0,2500.0,2500.0
74100,Mail and parcel sorters and related occupations,22200.0,23900.0,24200.0,24500.0,24700.0,24800.0,24800.0,24800.0,24900.0,25000.0,25000.0
74101,Letter carriers,33000.0,33200.0,33900.0,34300.0,34900.0,35400.0,35800.0,36100.0,36500.0,36600.0,36900.0
74102,Couriers and messengers,20100.0,21600.0,21900.0,22200.0,22400.0,22500.0,22600.0,22700.0,22900.0,23000.0,23100.0
74200,Railway yard and track maintenance workers,7600.0,7800.0,7900.0,7900.0,7900.0,7900.0,7900.0,7900.0,7900.0,7900.0,7900.0
74201,Water transport deck and engine room crew,5500.0,5600.0,5700.0,5800.0,5800.0,5900.0,5900.0,5900.0,5900.0,5900.0,5900.0
74202,Air transport ramp attendants,13600.0,14000.0,14300.0,14500.0,14600.0,14700.0,14800.0,14800.0,14900.0,15000.0,15100.0
74203,Automotive and heavy truck and equipment parts installers and servicers,14900.0,15000.0,15300.0,15400.0,15500.0,15600.0,15700.0,15700.0,15800.0,15900.0,16000.0
74204,Utility maintenance workers,8100.0,8100.0,8400.0,8500.0,8600.0,8700.0,8700.0,8800.0,8800.0,8900.0,9000.0
74205,Public works maintenance equipment operators and related workers,29800.0,29700.0,30500.0,31000.0,31400.0,31800.0,32100.0,32400.0,32700.0,33100.0,33300.0
75100,Longshore workers,7300.0,7500.0,7600.0,7800.0,7900.0,8000.0,8100.0,8200.0,8300.0,8400.0,8500.0
75101,Material handlers,229400.0,235600.0,239100.0,241100.0,244200.0,245800.0,247000.0,249400.0,250900.0,252400.0,254800.0
75110,Construction trades helpers and labourers,143200.0,150200.0,151800.0,153700.0,154600.0,155700.0,156900.0,158100.0,159400.0,160600.0,161400.0
75119,Other trades helpers and labourers,7300.0,7500.0,7800.0,7700.0,7600.0,7600.0,7600.0,7600.0,7600.0,7600.0,7600.0
75200,Taxi and limousine drivers and chauffeurs,62100.0,64700.0,65500.0,66500.0,67300.0,68100.0,68900.0,69600.0,70400.0,71300.0,72300.0
75201,Delivery service drivers and door-to-door distributors,97900.0,101800.0,103600.0,105300.0,106200.0,107100.0,107900.0,108500.0,109300.0,110200.0,111000.0
75210,Boat and cable ferry operators and related occupations,2600.0,2700.0,2800.0,2800.0,2800.0,2900.0,2900.0,2900.0,2900.0,2900.0,3000.0
75211,Railway and motor transport labourers,4600.0,4900.0,4900.0,5000.0,5000.0,5000.0,5100.0,5100.0,5200.0,5200.0,5300.0
75212,Public works and maintenance labourers,28100.0,28300.0,29200.0,29700.0,29900.0,30100.0,30300.0,30500.0,30700.0,30900.0,31000.0
80010,Managers in natural resources production and fishing,13800.0,14000.0,14700.0,15100.0,15300.0,15400.0,15500.0,15500.0,15600.0,15800.0,15900.0
80020,Managers in agriculture,122400.0,112600.0,116400.0,115900.0,115500.0,114600.0,113500.0,112500.0,111600.0,110700.0,109900.0
80021,Managers in horticulture,7300.0,6700.0,7000.0,7000.0,7000.0,7000.0,7000.0,7000.0,7000.0,7000.0,7000.0
80022,Managers in aquaculture,160656.9721115538,163311.7529880478,166383.66533864543,169076.89243027888,171042.6294820717,172810.35856573706,174501.593625498,176163.94422310757,177877.68924302788,179588.04780876494,181292.43027888445
82010,"Supervisors, logging and forestry",4900.0,5100.0,5100.0,5200.0,5200.0,5200.0,5200.0,5200.0,5300.0,5300.0,5300.0
82020,"Supervisors, mining and quarrying",8500.0,8100.0,8600.0,8800.0,8900.0,8900.0,9000.0,9100.0,9100.0,9100.0,9200.0
82021,"Contractors and supervisors, oil and gas drilling and services",17900.0,18700.0,19100.0,19400.0,19600.0,19700.0,19700.0,19600.0,19700.0,19900.0,20000.0
82030,Agricultural service contractors and farm supervisors,8700.0,8000.0,8100.0,8600.0,9100.0,9100.0,9100.0,9200.0,9300.0,9400.0,9500.0
82031,"Contractors and supervisors, landscaping, grounds maintenance and horticulture services",25200.0,25300.0,25500.0,25700.0,25800.0,25900.0,26000.0,26100.0,26200.0,26300.0,26400.0
83100,Underground production and development miners,29400.0,29000.0,30600.0,31400.0,31600.0,31800.0,32000.0,32100.0,32400.0,32700.0,32900.0
83101,"Oil and gas well drillers, servicers, testers and related workers",23500.0,24300.0,25600.0,26300.0,26500.0,26600.0,26700.0,25500.0,25600.0,25800.0,26000.0
83110,Logging machinery operators,7800.0,7900.0,8100.0,8300.0,8500.0,8600.0,8800.0,8900.0,9100.0,9200.0,9400.0
83120,Fishing masters and officers,160656.9721115538,163311.7529880478,166383.66533864543,169076.89243027888,171042.6294820717,172810.35856573706,174501.593625498,176163.94422310757,177877.68924302788,179588.04780876494,181292.43027888445
83121,Fishermen/women,10600.0,10500.0,10600.0,10600.0,10500.0,10500.0,10500.0,10400.0,10400.0,10300.0,10300.0
84100,Underground mine service and support workers,3100.0,2900.0,3000.0,3100.0,3100.0,3100.0,3100.0,3200.0,3200.0,3200.0,3200.0
84101,Oil and gas well drilling and related workers and services operators,4300.0,4300.0,4400.0,4500.0,4500.0,4500.0,4500.0,4300.0,4300.0,4300.0,4300.0
84110,Chain saw and skidder operators,4200.0,4600.0,4600.0,4600.0,4600.0,4600.0,4600.0,4600.0,4500.0,4500.0,4500.0
84111,Silviculture and forestry workers,3000.0,3300.0,3300.0,3300.0,3300.0,3300.0,3400.0,3400.0,3400.0,3400.0,3400.0
84120,Specialized livestock workers and farm machinery operators,29100.0,29300.0,30700.0,31100.0,31400.0,31500.0,31600.0,31700.0,31800.0,31900.0,32100.0
84121,Fishing vessel deckhands,3300.0,3400.0,3400.0,3300.0,3300.0,3200.0,3200.0,3200.0,3200.0,3200.0,3100.0
85100,Livestock labourers,30600.0,28100.0,29400.0,29700.0,29900.0,29900.0,29900.0,29900.0,29900.0,29900.0,30000.0
85101,Harvesting labourers,22900.0,20800.0,21800.0,22100.0,22100.0,22000.0,21800.0,21700.0,21600.0,21400.0,21300.0
85102,Aquaculture and marine harvest labourers,3100.0,2800.0,2900.0,3000.0,3000.0,3100.0,3100.0,3100.0,3200.0,3200.0,3200.0
85103,Nursery and greenhouse labourers,22200.0,20300.0,21600.0,22300.0,22500.0,22600.0,22700.0,22800.0,22800.0,22900.0,23000.0
85104,Trappers and hunters,160656.9721115538,163311.7529880478,166383.66533864543,169076.89243027888,171042.6294820717,172810.35856573706,174501.593625498,176163.94422310757,177877.68924302788,179588.04780876494,181292.43027888445
85110,Mine labourers,3100.0,2900.0,3100.0,3100.0,3100.0,3100.0,3100.0,3100.0,3100.0,3100.0,3100.0
85111,"Oil and gas drilling, servicing and related labourers",5100.0,5200.0,5400.0,5500.0,5500.0,5500.0,5500.0,5500.0,5500.0,5500.0,5400.0
85120,Logging and forestry labourers,2300.0,2500.0,2500.0,2500.0,2500.0,2500.0,2500.0,2500.0,2500.0,2500.0,2500.0
85121,Landscaping and grounds maintenance labourers,80300.0,79200.0,82000.0,84100.0,85900.0,87400.0,88900.0,90600.0,92200.0,93900.0,95400.0
90010,Manufacturing managers,110100.0,112200.0,112100.0,112800.0,113900.0,114800.0,115400.0,116000.0,116700.0,117300.0,118000.0
90011,Utilities managers,16400.0,16700.0,17000.0,17300.0,17400.0,17600.0,17800.0,17900.0,18100.0,18300.0,18400.0
92010,"Supervisors, mineral and metal processing",10100.0,9700.0,9700.0,9900.0,10000.0,10100.0,10200.0,10200.0,10300.0,10300.0,10400.0
92011,"Supervisors, petroleum, gas and chemical processing and utilities",19900.0,20000.0,20100.0,20300.0,20600.0,20900.0,21100.0,21300.0,21400.0,21600.0,21800.0
92012,"Supervisors, food and beverage processing",26800.0,26900.0,28000.0,28600.0,28900.0,29200.0,29500.0,29800.0,30200.0,30500.0,30800.0
92013,"Supervisors, plastic and rubber products manufacturing",9400.0,9500.0,9600.0,9800.0,10100.0,10300.0,10500.0,10600.0,10800.0,11100.0,11300.0
92014,"Supervisors, forest products processing",11300.0,10800.0,11000.0,11100.0,11100.0,11000.0,11000.0,10900.0,10900.0,10900.0,10900.0
92015,"Supervisors, textile, fabric, fur and leather products processing and manufacturing",3400.0,3600.0,3600.0,3600.0,3600.0,3500.0,3500.0,3400.0,3400.0,3400.0,3400.0
92020,"Supervisors, motor vehicle assembling",13000.0,13500.0,13600.0,14000.0,14400.0,14700.0,14900.0,15100.0,15200.0,15400.0,15600.0
92021,"Supervisors, electronics and electrical products manufacturing",4400.0,4400.0,4500.0,4600.0,4600.0,4600.0,4700.0,4700.0,4700.0,4700.0,4700.0
92022,"Supervisors, furniture and fixtures manufacturing",5700.0,5900.0,5900.0,5900.0,5800.0,5800.0,5700.0,5700.0,5600.0,5600.0,5600.0
92023,"Supervisors, other mechanical and metal products manufacturing",18600.0,18300.0,18500.0,18700.0,18800.0,18900.0,18900.0,19000.0,19000.0,19000.0,19000.0
92024,"Supervisors, other products manufacturing and assembly",12600.0,13600.0,13300.0,13200.0,13200.0,13100.0,13000.0,13000.0,12900.0,12800.0,12800.0
92100,Power engineers and power systems operators,27600.0,27200.0,27800.0,27900.0,27800.0,27900.0,28200.0,28200.0,28200.0,28200.0,28300.0
92101,Water and waste treatment plant operators,11800.0,12300.0,12600.0,12700.0,12900.0,13000.0,13200.0,13300.0,13400.0,13600.0,13700.0
93100,"Central control and process operators, mineral and metal processing",160656.9721115538,163311.7529880478,166383.66533864543,169076.89243027888,171042.6294820717,172810.35856573706,174501.593625498,176163.94422310757,177877.68924302788,179588.04780876494,181292.43027888445
93101,"Central control and process operators, petroleum, gas and chemical processing",16200.0,16200.0,16300.0,16300.0,16400.0,16400.0,16400.0,16300.0,16300.0,16300.0,16300.0
93102,"Pulping, papermaking and coating control operators",160656.9721115538,163311.7529880478,166383.66533864543,169076.89243027888,171042.6294820717,172810.35856573706,174501.593625498,176163.94422310757,177877.68924302788,179588.04780876494,181292.43027888445
93200,Aircraft assemblers and aircraft assembly inspectors,9900.0,10400.0,10400.0,10400.0,10500.0,10500.0,10500.0,10500.0,10500.0,10500.0,10500.0
94100,"Machine operators, mineral and metal processing",14200.0,13600.0,13800.0,14100.0,14300.0,14600.0,14800.0,14900.0,15100.0,15200.0,15400.0
94101,Foundry workers,160656.9721115538,163311.7529880478,166383.66533864543,169076.89243027888,171042.6294820717,172810.35856573706,174501.593625498,176163.94422310757,177877.68924302788,179588.04780876494,181292.43027888445
94102,Glass forming and finishing machine operators and glass cutters,160656.9721115538,163311.7529880478,166383.66533864543,169076.89243027888,171042.6294820717,172810.35856573706,174501.593625498,176163.94422310757,177877.68924302788,179588.04780876494,181292.43027888445
94103,"Concrete, clay and stone forming operators",4600.0,4400.0,4500.0,4600.0,4600.0,4600.0,4700.0,4600.0,4700.0,4600.0,4600.0
94104,"Inspectors and testers, mineral and metal processing",4300.0,4100.0,4100.0,4100.0,4200.0,4200.0,4200.0,4100.0,4100.0,4100.0,4100.0
94105,Metalworking and forging machine operators,26200.0,25500.0,26100.0,26600.0,27000.0,27100.0,27100.0,27100.0,27000.0,26900.0,26800.0
94106,Machining tool operators,11900.0,11600.0,11800.0,12100.0,12300.0,12500.0,12500.0,12500.0,12600.0,12600.0,12600.0
94107,Machine operators of other metal products,38100.0,38000.0,38300.0,39400.0,40100.0,40600.0,40800.0,41000.0,41000.0,41100.0,41100.0
94110,Chemical plant machine operators,14400.0,14200.0,14600.0,14700.0,14900.0,15000.0,15100.0,15100.0,15200.0,15200.0,15300.0
94111,Plastics processing machine operators,15000.0,14300.0,14400.0,14500.0,14700.0,14900.0,15000.0,15100.0,15300.0,15400.0,15600.0
94112,Rubber processing machine operators and related workers,5400.0,5200.0,5200.0,5200.0,5200.0,5200.0,5200.0,5200.0,5200.0,5100.0,5100.0
94120,Sawmill machine operators,7200.0,6900.0,7100.0,7200.0,7300.0,7300.0,7300.0,7300.0,7300.0,7300.0,7300.0
94121,"Pulp mill, papermaking and finishing machine operators",7700.0,7300.0,7200.0,7200.0,7100.0,7100.0,7100.0,7100.0,7100.0,7100.0,7100.0
94122,Paper converting machine operators,6300.0,6000.0,5900.0,6000.0,6000.0,5900.0,6000.0,6000.0,6000.0,6100.0,6100.0
94123,Lumber graders and other wood processing inspectors and graders,2900.0,2800.0,2800.0,2800.0,2900.0,2800.0,2800.0,2800.0,2800.0,2800.0,2800.0
94124,Woodworking machine operators,6400.0,6200.0,6300.0,6300.0,6300.0,6300.0,6200.0,6200.0,6100.0,6100.0,6100.0
94129,Other wood processing machine operators,4200.0,4000.0,4100.0,4200.0,4200.0,4200.0,4200.0,4300.0,4300.0,4300.0,4300.0
94130,"Textile fibre and yarn, hide and pelt processing machine operators and workers",2300.0,2400.0,2400.0,2400.0,2400.0,2300.0,2300.0,2300.0,2300.0,2300.0,2200.0
94131,"Weavers, knitters and other fabric making occupations",160656.9721115538,163311.7529880478,166383.66533864543,169076.89243027888,171042.6294820717,172810.35856573706,174501.593625498,176163.94422310757,177877.68924302788,179588.04780876494,181292.43027888445
94132,Industrial sewing machine operators,17700.0,18400.0,18500.0,18300.0,18200.0,18000.0,17800.0,17700.0,17500.0,17400.0,17400.0
94133,"Inspectors and graders, textile, fabric, fur and leather products manufacturing",160656.9721115538,163311.7529880478,166383.66533864543,169076.89243027888,171042.6294820717,172810.35856573706,174501.593625498,176163.94422310757,177877.68924302788,179588.04780876494,181292.43027888445
94140,"Process control and machine operators, food and beverage processing",66300.0,65600.0,68500.0,69900.0,70600.0,71200.0,71700.0,71900.0,72400.0,72800.0,73300.0
94141,"Industrial butchers and meat cutters, poultry preparers and related workers",18600.0,18400.0,19100.0,19200.0,19100.0,19100.0,19100.0,19100.0,19100.0,19000.0,19000.0
94142,Fish and seafood plant workers,3300.0,3300.0,3400.0,3500.0,3500.0,3500.0,3500.0,3500.0,3500.0,3500.0,3500.0
94143,"Testers and graders, food and beverage processing",8700.0,8800.0,9000.0,9100.0,9100.0,9200.0,9200.0,9300.0,9300.0,9400.0,9400.0
94150,Plateless printing equipment operators,5800.0,5800.0,5900.0,5900.0,6000.0,6000.0,6000.0,6000.0,6000.0,6100.0,6100.0
94151,"Camera, platemaking and other prepress occupations",160656.9721115538,163311.7529880478,166383.66533864543,169076.89243027888,171042.6294820717,172810.35856573706,174501.593625498,176163.94422310757,177877.68924302788,179588.04780876494,181292.43027888445
94152,Binding and finishing machine operators,1900.0,1900.0,1900.0,1900.0,1900.0,1800.0,1800.0,1800.0,1800.0,1700.0,1700.0
94153,Photographic and film processors,160656.9721115538,163311.7529880478,166383.66533864543,169076.89243027888,171042.6294820717,172810.35856573706,174501.593625498,176163.94422310757,177877.68924302788,179588.04780876494,181292.43027888445
94200,"Motor vehicle assemblers, inspectors and testers",31100.0,31800.0,32200.0,33200.0,34000.0,34300.0,34300.0,34400.0,34400.0,34500.0,34500.0
94201,"Electronics assemblers, fabricators, inspectors and testers",18400.0,18400.0,18900.0,19300.0,19700.0,19800.0,20000.0,20100.0,20100.0,20200.0,20300.0
94202,"Assemblers and inspectors, electrical appliance, apparatus and equipment manufacturing",12200.0,12300.0,12600.0,12900.0,13200.0,13300.0,13400.0,13500.0,13600.0,13700.0,13800.0
94203,"Assemblers, fabricators and inspectors, industrial electrical motors and transformers",10800.0,10500.0,10900.0,11200.0,11400.0,11500.0,11500.0,11600.0,11600.0,11600.0,11600.0
94204,Mechanical assemblers and inspectors,17400.0,17000.0,17200.0,17700.0,18100.0,18400.0,18500.0,18700.0,18800.0,18900.0,19000.0
94205,"Machine operators and inspectors, electrical apparatus manufacturing",160656.9721115538,163311.7529880478,166383.66533864543,169076.89243027888,171042.6294820717,172810.35856573706,174501.593625498,176163.94422310757,177877.68924302788,179588.04780876494,181292.43027888445
94210,"Furniture and fixture assemblers, finishers, refinishers and inspectors",29700.0,32300.0,32300.0,31800.0,31600.0,31200.0,30900.0,30600.0,30400.0,30200.0,30100.0
94211,Assemblers and inspectors of other wood products,14000.0,13500.0,14000.0,14400.0,14600.0,14700.0,14800.0,14900.0,15000.0,15100.0,15100.0
94212,"Plastic products assemblers, finishers and inspectors",8800.0,8900.0,9000.0,9200.0,9300.0,9500.0,9600.0,9700.0,9800.0,10000.0,10100.0
94213,"Industrial painters, coaters and metal finishing process operators",14700.0,14900.0,15200.0,15500.0,15800.0,15900.0,16000.0,16100.0,16200.0,16200.0,16300.0
94219,"Other products assemblers, finishers and inspectors",38500.0,39800.0,39500.0,39600.0,39600.0,39500.0,39400.0,39300.0,39100.0,38900.0,38700.0
95100,Labourers in mineral and metal processing,5000.0,4700.0,4800.0,4800.0,4800.0,4800.0,4800.0,4800.0,4800.0,4800.0,4800.0
95101,Labourers in metal fabrication,18200.0,17900.0,18300.0,18800.0,19100.0,19400.0,19500.0,19700.0,19800.0,19900.0,20000.0
95102,Labourers in chemical products processing and utilities,9800.0,10300.0,10500.0,10500.0,10700.0,10800.0,10900.0,10900.0,11000.0,11100.0,11200.0
95103,"Labourers in wood, pulp and paper processing",19300.0,18400.0,18800.0,19000.0,19100.0,19200.0,19300.0,19400.0,19500.0,19600.0,19700.0
95104,Labourers in rubber and plastic products manufacturing,6800.0,6600.0,6600.0,6700.0,6800.0,6800.0,6900.0,6900.0,7000.0,7000.0,7100.0
95105,Labourers in textile processing and cutting,3000.0,3100.0,3100.0,3000.0,3000.0,2900.0,2900.0,2800.0,2800.0,2700.0,2700.0
95106,Labourers in food and beverage processing,53400.0,52500.0,53600.0,54300.0,54500.0,54700.0,54900.0,55000.0,54900.0,54800.0,54700.0
95107,Labourers in fish and seafood processing,3400.0,3500.0,3600.0,3500.0,3500.0,3400.0,3400.0,3400.0,3400.0,3300.0,3300.0
95109,"Other labourers in processing, manufacturing and utilities",20900.0,21900.0,21700.0,21700.0,21600.0,21400.0,21300.0,21100.0,20900.0,20800.0,20700.0
